价格表,V码,规格,价格
综合业务组Q3,1003001461,1×3×12,69.6
综合业务组Q3,1003002299,1×3×12,69.6
综合业务组Q3,T0131,1×12×30,225
综合业务组Q3,T0138B,1×12×30,225
综合业务组Q3,T0138D,1×36×10,225
综合业务组Q3,T0143G,1×12×30,225
综合业务组Q3,T0166,1×12×30,225
综合业务组Q3,T1177,1×3×6,330
综合业务组Q3,T1178-A,1×20×4×20,484
综合业务组Q3,T1191,1×6,159
综合业务组Q3,T2222,1×4×10,185
综合业务组Q3,T2274,1×4×8,184
综合业务组Q3,T2275,1×4×16,232
综合业务组Q3,T2275-C,1×18,56
综合业务组Q3,T2275J,1×6×10,190
综合业务组Q3,T2280,1×4×16,232
综合业务组Q3,T2280-A,1×16,50
综合业务组Q3,T2281,1×4×16,232
综合业务组Q3,T2284,1×4×16,232
综合业务组Q3,T2284-A,1×16,50
综合业务组Q3,T2367,1×8×8,200
综合业务组Q3,T2898,1×18,43
综合业务组Q3,T2898A,1×10×6,144
综合业务组Q3,T2898C,1×4×20,190
综合业务组Q3,T3002,12×10×6,168
综合业务组Q3,T3003,1×10×10×6,180
综合业务组Q3,T3009,40×20,160
综合业务组Q3,T3014,80×12,162
综合业务组Q3,T3016,6×6×30,195
综合业务组Q3,T3410,180×4,142
综合业务组Q3,T3412,10×60,156
综合业务组Q3,T3413A,40×5×4,156
综合业务组Q3,T3418,40×16,128
综合业务组Q3,T3418-A,40×8,59
综合业务组Q3,T3419,7×6×30,240
综合业务组Q3,T3421,80×12,180
综合业务组Q3,T4680,1×10×6,156
综合业务组Q3,T4680-A,1×16,48
综合业务组Q3,T4681-A,1×24,58.5
综合业务组Q3,T4682,1×10×6,156
综合业务组Q3,T4682-A,1×16,48
综合业务组Q3,T9666,1×10,149
综合业务组Q3,T9688-A,1×9,46.9
综合业务组Q3,V0005,1×10×30,138
综合业务组Q3,V0012-4,1×12×36,144
综合业务组Q3,V0036,1×12×30,150
综合业务组Q3,V0036A,1×18×20,160
综合业务组Q3,V0036C,1×36×10,150
综合业务组Q3,V0038,1×12×30,150
综合业务组Q3,V0068,1×10×40,104
综合业务组Q3,V0083,1×24×12,96
综合业务组Q3,V0123,1×10×45,117
综合业务组Q3,V0165,1×48×8,96
综合业务组Q3,V0166A,1×30×24,192
综合业务组Q3,V0169,1×24×12,96
综合业务组Q3,V0170,1×24×12,96
综合业务组Q3,V1170,1×6,45
综合业务组Q3,V1182,1×3×10,160
综合业务组Q3,V2055,1×4×10,145
综合业务组Q3,V2182,1×3×16,136
综合业务组Q3,V2182-A,1×24,68
综合业务组Q3,V2219,1×3×12,96
综合业务组Q3,V2219,1×3×16,128
综合业务组Q3,V2219-B,1×24,60
综合业务组Q3,V2223,1×4×16,128
综合业务组Q3,V2239,1×6×8,97
综合业务组Q3,V2239-B,1×24,46.2
综合业务组Q3,V2239-B,1×6×4,46.2
综合业务组Q3,V2241,1×3×12,96
综合业务组Q3,V2241-A,1×12,32
综合业务组Q3,V2252-B,1×24,45
综合业务组Q3,V2286C,1×12×5,100
综合业务组Q3,V2287A,1×10×6,94.2
综合业务组Q3,V2287-B,1×24,34.5
综合业务组Q3,V2287-B,1×8×3,34.5
综合业务组Q3,V2287F,1×8×6,69
综合业务组Q3,V2288A,1×18×4,106
综合业务组Q3,V2289,1×6×10,93
综合业务组Q3,V2589-A,1×4,26
综合业务组Q3,V2606B,1×6×8,68
综合业务组Q3,V2606B,1×6×10,85
综合业务组Q3,V2607,1×24,28
综合业务组Q3,V2607A,1×6×10,80
综合业务组Q3,V2609,1×6×10,105
综合业务组Q3,V2609-A,1×20,28
综合业务组Q3,V2619,1×8×6,57
综合业务组Q3,V2619A,1×12×5,70
综合业务组Q3,V2808,1×6×10,120
综合业务组Q3,V2833,1×6×8,80
综合业务组Q3,V2833-B,1×24,36
综合业务组Q3,V2833D,1×10×3,49.5
综合业务组Q3,V2833H,1×6×6,60
综合业务组Q3,V2834-A,1×24,34.5
综合业务组Q3,V2834B,1×8×6,69
综合业务组Q3,V2834D,1×6×10,85
综合业务组Q3,V2865,1×20×3,75
综合业务组Q3,V2866,1×12×5,85
综合业务组Q3,V2866A,1×10×5,77.5
综合业务组Q3,V2880-A,1×20,40
综合业务组Q3,V2889,1×8×6,99
综合业务组Q3,V4020-2,1×2×20,110
综合业务组Q3,V4020-2-B,1×2×4,23.5
综合业务组Q3,V4020-2-B,1×8,23.5
综合业务组Q3,V4028,1×10×6,138
综合业务组Q3,V4068,1×10×6,105
综合业务组Q3,V4069,1×10×6,96
综合业务组Q3,V4069-B,1×27,44
综合业务组Q3,V4073,1×10×6,153
综合业务组Q3,V4073-B,1×27,66
综合业务组Q3,V4080,1×10×6,102
综合业务组Q3,V4080-B,1×27,56
综合业务组Q3,V4081,1×10×6,114
综合业务组Q3,V4143,1×10×12,98.4
综合业务组Q3,V4146A,1×10×6,87
综合业务组Q3,V4146-A,1×30,45
综合业务组Q3,V4407,1×10×12,132
综合业务组Q3,V4492,1×12×6,102
综合业务组Q3,V4508,1×12×6,102
综合业务组Q3,V4519,1×10×6,138
综合业务组Q3,V4629,1×12×6,90
综合业务组Q3,V4660-A,1×10×3,34
综合业务组Q3,V4665,1×10×6,84
综合业务组Q3,V4669,1×12×6,96
综合业务组Q3,V4686,1×10×6,114
综合业务组Q3,V4686-A,1×27,59
综合业务组Q3,V4688,1×10×6,114
综合业务组Q3,V9300,1×12,78
综合业务组Q3,V9809A,1×10,75
综合业务组Q3,VD20013,1×3×12,69.6
综合业务组Q3,VW1003,1×10×10×6,126
综合业务组Q3,VW1009,1×10×10×6,132
综合业务组Q3,VW1009A,1×10×5×12,132
综合业务组Q3,VW1012,1×10×10×6,126
综合业务组Q3,VW1012,1×10×60,126
综合业务组Q3,VW1025B,8×4×40,160
综合业务组Q3,VW1027,80×12,90
综合业务组Q3,VW1027A,80×4,32
综合业务组Q3,VW1027A,80×4×4,128
综合业务组Q3,VW1028,80×12,114
综合业务组Q3,VW1037,30×40,140
综合业务组Q3,VW1040,80×12,90
综合业务组Q3,VW2002,80×12,90
综合业务组Q3,VW2004,80×12,114
综合业务组Q3,VW3410,40×20,96
综合业务组Q3,VW3412,10×60,90
综合业务组Q3,VW4001,60×20,140
综合业务组Q3,VW4002,60×12,120
综合业务组Q3,VW4002,80×12,120